growth_stage,plant_type,height_cm,temperature_c,humidity_percent,days_since_seed,water_level_percent
Fruiting,Chilli,52.57960621774133,28.979877262955547,54.6805592132731,85.56428757689245,51.55994520336203
Flowering,Chilli,32.0501755284444,30.621088666940683,50.61753482887407,77.95585311974416,54.699098521619945
Growing,Brinjal,15.000373196390534,22.751067647801506,59.12726728878613,21.233911067827616,45.24756431632238
Seedling,Brinjal,38.651909209730874,22.092407909780626,58.76433945605655,29.122914019804192,38.663618432936914
Growing,Brinjal,15.982058018709786,27.713516576204174,67.77243706586128,78.51759613930136,40.46450412719998
Flowering,Chilli,7.927321684337578,34.2332830588,78.96896099223679,15.347171131856237,53.08397348116461
Growing,Chilli,35.79048619304706,26.60228740609402,53.66114704534336,8.790490260574549,44.9517691011127
Flowering,Chilli,16.645099172000762,29.937834265309732,59.35133228268233,81.83883618709038,50.200680211778106
Fruiting,Brinjal,77.7188470823419,31.626992350416717,78.18496824692568,18.485445552552704,58.948273504276486
Flowering,Brinjal,9.867087612855572,22.93974293628718,51.35681866731614,92.18742350231169,48.25330330763264
Seedling,Brinjal,50.58056300335611,25.351299900403838,58.42803529062142,27.134903177389592,40.426960831582484
Seedling,Chilli,8.354778965589688,34.803304049007764,73.16734307889972,72.19772826786357,36.98715681534173
Flowering,Brinjal,43.87715391161894,30.93510752061481,73.13811040057837,81.54614284548342,45.74044651734091
Growing,Chilli,43.83965416440171,29.34947190241337,59.92694074557947,10.428215357261674,40.635583502860236
Growing,Chilli,37.83227802521289,29.563362070328196,76.6163822772898,29.266498982407235,44.72214925161949
Flowering,Chilli,39.23532718776038,28.419157963542446,73.12901539863682,64.19203085006956,49.93795596364391
Flowering,Chilli,6.143860703484283,21.618371404899566,50.94287557060203,38.47869165226947,51.364104112637804
Seedling,Brinjal,54.91615606593512,23.739383437233123,62.31148769106889,50.85706911647028,42.555511385430485
Seedling,Brinjal,20.936329910257243,22.418319308810066,77.8909295702772,7.697990982879299,43.08120379564417
Seedling,Chilli,41.165243460460154,22.798550883290538,76.77676995469933,78.43145311689459,40.39342241915651
Flowering,Brinjal,22.49019112345251,21.65077886791515,56.83805487625825,89.60912999234932,49.27107788626256
Seedling,Brinjal,5.382367179215489,27.661209538663485,62.52233009446337,86.07305832563435,37.2210781047073
Growing,Chilli,47.43093667606336,24.848043980311328,65.56371865230098,30.385365426326516,47.03018958895178
Growing,Chilli,48.310128272395005,23.776734437380462,64.91745517677157,87.46038744488646,43.0087830981677
Fruiting,Chilli,44.621681708693295,27.54018534843292,51.54436253749968,3.3198252619079516,52.78646464236611
Seedling,Chilli,11.52026924410504,27.341791404163445,79.56951362331802,21.560570160027517,37.42055271511501
Flowering,Brinjal,18.07006491958198,30.923245229177894,61.03349398157759,76.16196153287176,51.323058305935795
Growing,Brinjal,9.965937352992457,32.52953743383857,59.623401949152075,53.57746840747585,41.86518510399854
Flowering,Chilli,35.49039628290271,20.248817433917843,65.36279174897842,53.18036488694176,47.26495775197938
Flowering,Brinjal,43.00157559563563,25.801030194508062,78.10189966210203,17.436642900499145,46.37520944145993
Seedling,Brinjal,55.85814900532095,33.160090300714714,57.73824883145467,11.347352124058908,41.59984046034179
Fruiting,Brinjal,44.723793376700485,23.627784363506777,52.79308303417697,55.52008115994623,58.97215757953327
Fruiting,Chilli,27.036936418165546,25.238143619189913,71.77867036610718,56.979131154594114,58.97110259952577
Growing,Brinjal,40.31174053848583,21.262099474925733,54.84886142283841,77.98755458576238,48.98554188527079
Growing,Brinjal,10.580934857631766,29.952526536620837,50.151847515386564,0.9197051616629648,41.608080514174986
Growing,Brinjal,40.85786927264303,23.3640396419084,71.36537664042608,69.18951976926932,42.372490874968
Fruiting,Chilli,47.22613843806895,32.738351157412666,69.7283867690103,67.18422646062217,55.68308603335471
Flowering,Brinjal,19.5861302224949,23.659844650686253,79.19031664257336,36.77158030594335,48.9309772466676
Fruiting,Brinjal,64.61084776562363,27.539556396577883,67.30711653879078,63.11386259972629,54.92517693818864
Fruiting,Chilli,23.250203558655627,20.364739496471806,69.36416887721504,65.02069037353547,51.77110679407049
Growing,Brinjal,55.317541462124666,25.552380503831664,50.463698495866026,95.39285770025873,49.28318562587725
Growing,Chilli,48.36289896901638,32.7951418320104,58.83346676208757,86.99893371393026,43.85097728601925
Seedling,Chilli,12.627173600874162,28.352018936875254,78.08464322482342,28.52298046406499,41.96029796674973
Growing,Brinjal,38.825397468454334,34.85080775156395,54.20252045709572,9.717649377076853,45.18329652363737
Growing,Brinjal,43.335865754739736,30.53726125980664,60.78473453659265,74.07686177542044,42.93591844264493
Growing,Chilli,44.01825433610467,33.69860828834707,65.34027196582814,72.91020552112627,45.015162946871996
Fruiting,Chilli,50.62784702175072,31.936890041541517,76.70016025452699,58.49675376999886,53.37995156851536
Growing,Brinjal,36.80540775478957,20.53913410695113,63.9679405439738,9.3981939840869,45.42644634707577
Growing,Chilli,6.372511247257224,20.560222831238217,74.67801681978975,53.174993451210966,43.60190641411263
Seedling,Brinjal,47.3496454204236,23.23731541245265,68.68671427457001,52.224326005480435,35.85347464993768
Fruiting,Chilli,40.141282904656926,29.5614485224731,71.78274001167985,47.82191684113332,59.75852079462535
Growing,Brinjal,48.7352407122787,24.062483768931113,63.16914262116909,32.2956472941246,40.78456381342266
Growing,Chilli,42.61910542304926,30.43961309140547,62.268588332428095,86.63835732101326,41.732943200708455
Flowering,Chilli,29.71519991177542,30.718938840500932,69.80592130153194,22.52186083481358,47.79933896945943
Seedling,Brinjal,35.48947288812704,29.175811193515283,62.5880018728337,73.78969166957685,37.47730989501157
Flowering,Brinjal,5.791641874636573,21.741089607603744,51.38007926065258,75.78461104643691,45.4072880231897
Growing,Brinjal,31.079560599802885,21.46751240976502,64.74847625350498,70.36578593800236,44.73471770780566
Growing,Chilli,22.932713047881805,29.237751470783245,69.05280952602931,39.04664843141757,40.45304009772045
Growing,Chilli,27.641131636103946,32.84734761782484,69.76080894856835,56.32739241428128,41.6293442708143
Fruiting,Brinjal,6.988348290621635,28.78663371910195,78.20690724274873,64.24192782063156,55.75474177875879
Flowering,Brinjal,30.203908977033414,28.184251839739026,78.24394426329576,64.32882184423532,48.86102637800774
Fruiting,Chilli,17.726423761304268,21.040419513127482,53.0233400413228,81.48155777604573,50.1822182565155
Growing,Chilli,8.203489180710305,24.78463445440642,75.34625932908364,61.47060960747211,40.232719357358256
Flowering,Brinjal,11.499065519191094,30.45105748046226,68.86828540339653,28.185477477339994,53.77472013527053
Seedling,Brinjal,20.511901491421856,22.661593156695844,72.51844254922575,80.34809303848486,43.06834739267264
Flowering,Chilli,21.740813860675242,31.646194411129954,60.22410620759054,37.135590922028385,54.307573256035646
Fruiting,Chilli,53.80661940644733,31.318143111270235,53.09371606507798,38.609462463751655,59.02552906679567
Fruiting,Brinjal,29.00372007729588,33.432848427443005,61.676050362024895,82.64574661077417,50.108376514802984
Flowering,Chilli,19.36911369156867,34.25092950576207,78.51821440812668,8.21580091075202,50.734378881232864
Fruiting,Chilli,24.058700160374194,24.92996818054874,70.17555368231115,40.36009697804878,57.5237452943768
Fruiting,Chilli,10.928396698164875,27.41630457053872,51.72676280049933,71.06563285150985,55.49528882323735
Flowering,Chilli,20.79117556484354,21.756005246414087,54.28975046158507,79.89337644824698,52.61510631717472
Seedling,Brinjal,9.62587433632486,30.5145369718868,52.182890190925804,10.112267612279025,43.21860059290356
Growing,Brinjal,9.666074274685556,34.799593677517635,61.22812387268361,8.134878064189976,43.70642147066891
Seedling,Brinjal,59.2300585102579,31.300672778884124,61.287787565927474,94.72485773838586,35.835007166986685
Fruiting,Chilli,32.57443060105346,33.59531577642104,53.33592446918454,50.256382476222456,54.92625104290859
Growing,Chilli,7.5336474056826805,21.782268744021078,53.525787403313146,42.17945777947136,46.49210302116064
Flowering,Chilli,48.29776468135439,25.62305869285556,58.57136258845582,52.503188858744366,53.6859912818946
Seedling,Brinjal,5.668496107939899,34.548182400614586,51.294797358517286,96.32225394406113,43.91143113698071
Seedling,Brinjal,9.058811060446939,28.30781426601981,79.07907606857297,99.29647961193004,40.23097844170149
Seedling,Chilli,25.454347914549796,29.41337120126095,67.529429357693,62.61738200861554,44.01158010490989
Flowering,Chilli,47.76851678344514,33.35395675836374,63.669702583571386,25.28668706330073,51.20132597801537
Growing,Brinjal,30.50341227169902,25.30028342039079,67.50968335552616,18.81211597237613,40.77734636964985
Fruiting,Chilli,50.380511411283436,28.041445495161806,59.28582848858983,88.75896700316426,58.137950197069486
Fruiting,Brinjal,73.31953883703818,32.33805864384753,78.49399739875773,16.26169393448913,57.2571950838836
Seedling,Chilli,46.972781750930594,32.990958342506126,51.356560103185686,37.6418732661557,35.26366974497252
Growing,Chilli,49.4274258191725,22.256253366552922,67.82392146056405,72.94979977036496,43.808908566310215
Flowering,Brinjal,51.10807875911258,27.030397396924556,62.44458507012995,84.21189231357087,47.73407071930706
Flowering,Brinjal,49.70955550215427,34.99576509929196,79.89910511221716,86.47223762550531,50.55431705602628
Seedling,Chilli,43.23413258048352,23.710221526147965,63.516324059302804,85.02891568941853,36.29159415151495
Seedling,Chilli,15.288926247655823,30.075510266087853,68.54384721373688,54.5557171005792,38.581627180328404
Flowering,Brinjal,33.61692354970863,31.58477587603459,65.6049050333598,67.15731955927996,53.5218150031854
Fruiting,Brinjal,70.74902019937588,26.052242993185956,54.02045685351922,56.093797153538624,50.28782676313339
Seedling,Chilli,36.68358956446506,23.194462422633663,54.09114426760309,55.82785962181182,35.14544665667882
Growing,Brinjal,26.573422480485277,26.562123830355937,77.12476083481245,58.991768685463306,43.482554670233
Seedling,Brinjal,26.80985302766986,29.331300503418102,75.87091126240236,78.3653012741143,44.49520623657642
Growing,Brinjal,32.0663961193746,23.873665824484377,63.774072687147836,92.65876251614944,49.800325752854775
Growing,Chilli,33.50303844425266,23.602184281672898,52.27589984325992,29.58764492587574,41.28879721910649
Fruiting,Chilli,14.023766222211659,29.613121172048217,55.45640253197435,13.671242416106491,53.456672833238635
Fruiting,Chilli,48.391253003866765,22.584798068024448,55.76867056426012,42.65654762365851,50.408686162664786
Growing,Chilli,12.965471792453606,21.330538006355834,53.61907613301803,25.073130512876276,44.607787680327256
Growing,Brinjal,32.68794989701713,30.35592242944048,51.17936419523297,36.42698610480755,47.994103989090426
Growing,Chilli,44.31103808480498,33.8130860079772,51.83233879564591,7.358312875398472,42.76877648147204
Fruiting,Chilli,16.993866258164527,23.140239850050655,61.11416308374146,67.34337213452925,54.84522985191021
Fruiting,Brinjal,39.69010370998609,31.21206407200635,51.10049608671794,36.891363956977244,52.52436944344021
Flowering,Chilli,28.025484895204976,27.981702278979736,53.21516034019328,80.56861539184794,49.47412366823455
Flowering,Chilli,17.115945392722143,25.65926244656934,50.602135933331795,21.82234532712567,48.22079165583178
Growing,Chilli,10.389295931866304,33.35790921109842,67.80777360662145,29.47476169601232,46.79102319144489
Seedling,Chilli,8.911412963934065,28.056598127278217,67.60523354062637,44.85979790361515,42.4543947418433
Fruiting,Chilli,23.44543387691709,25.446234445979528,69.37751723994803,11.482227251600738,55.707783046689116
Flowering,Brinjal,38.3176150646288,23.558401876039916,53.05347417861211,98.65152487929797,46.52859139184332
Fruiting,Chilli,17.126856563334876,24.276427530407705,55.20120785884264,14.46132359336001,58.96765424626425
Flowering,Chilli,23.467857214534767,34.735679253629094,53.36116706504157,47.20602506132292,48.978555990457416
Flowering,Brinjal,49.938963902210396,23.8685424056741,55.12662762170197,86.55071258939803,51.68643219924431
Growing,Chilli,30.722571026145495,24.199686404904263,73.0847879957581,50.10866037125368,41.87043748557523
Fruiting,Brinjal,43.070778401334124,23.636145986226204,53.445104742176106,42.54364386164168,56.10620042441633
Growing,Brinjal,13.489949340081127,27.217101527822262,65.97768297654758,58.123822142261226,40.51823536822427
Fruiting,Brinjal,9.753122785457581,34.84940348584918,59.670615349241686,13.441467693897424,58.09874445854635
Flowering,Chilli,39.210253695035895,28.934581109117666,64.14728565650475,61.335245000153634,49.11840914147268
Flowering,Brinjal,50.6840674283251,34.47540365999769,53.728916704566345,92.95291442478259,52.308674752036445
Growing,Chilli,7.992332031504987,31.116809739350884,67.23419339539736,16.310975954909413,48.41828776758272
Flowering,Brinjal,16.08950260262595,22.454839142985566,54.92797393792979,79.52673118598902,53.14574720231382
Growing,Chilli,21.147371785557613,33.158008112196626,61.77335322267906,47.07588822922074,48.16599439471577
Fruiting,Chilli,35.07418606852442,24.520668112462133,72.42828140528754,33.92499864824168,55.02720390092479
Seedling,Chilli,22.275104961794515,28.15329291670983,77.19416332893641,80.96171159471116,41.242379959139924
Growing,Chilli,33.2468623882138,25.023584219856293,54.17816217990162,84.58489112521276,47.94025189270296
Seedling,Chilli,45.225166237293095,31.82895816836796,54.55024639198253,48.01149827786894,38.11722067795548
Flowering,Chilli,6.508959563110072,28.54834527306975,72.87376057222072,66.95516633154092,53.76765636761749
Growing,Chilli,9.978428162984326,32.696784376017774,53.824659869959476,73.91315742048116,43.97287290560367
Fruiting,Chilli,19.901340690121696,30.833788525895994,71.60109609638224,13.49256846138964,56.41147632885297
Fruiting,Chilli,21.36693882895193,25.18543990255879,55.44793150404277,48.84519990128366,59.08450561333628
Growing,Brinjal,30.4103192004273,34.20925009417723,54.6005420934824,40.08514167636399,45.86229832016797
Growing,Brinjal,5.996060110146228,33.08185863416227,77.96354847450837,61.14542354346478,45.65133183589209
Seedling,Brinjal,43.898124887236925,22.28808564371392,67.2886508050044,92.24993811772957,41.06715046382856
Flowering,Brinjal,56.39018581229582,33.88352769360164,63.52518114212396,73.64442356247228,46.13238045840755
Growing,Chilli,10.609820654147008,33.81262823926058,76.09689086186384,75.50082778013407,45.18838057126072
Flowering,Brinjal,8.011890135211724,25.027958624688516,74.08560345794035,39.90027038701302,45.04632023004603
Flowering,Chilli,29.18280213220653,33.79783424619141,60.39037983097884,35.8351824231849,48.469532018962276
Flowering,Brinjal,17.353265261699008,26.7865927419904,54.22571061139399,45.221794088980715,46.76386986506223
Fruiting,Chilli,64.4649835694265,25.435908486749497,67.4176505083413,37.70329045540931,56.3226428791953
Growing,Brinjal,14.791978177836329,34.416054762041824,54.45988183259339,66.35373720167107,44.14624123727024
Flowering,Brinjal,32.62072556821835,28.930775259800654,52.012294321652824,99.68742518459473,52.49960470399178
Fruiting,Chilli,18.33407663133047,22.860315809954997,51.09649003544285,80.82488604966424,54.720669451099994
Flowering,Brinjal,47.65401891822558,26.799332521220414,65.7317080798274,6.570863942835237,49.407627469382284
Growing,Brinjal,13.538213526189187,22.728921957429066,75.85356863040552,55.96403313082179,49.46115462133633
Growing,Brinjal,40.419974878145865,26.131012566471448,50.761590669810346,27.074467314355378,41.5615259736619
Flowering,Brinjal,6.490279587691592,23.329582428994243,56.93224389764214,65.89239419101514,51.71892743598728
Fruiting,Chilli,56.99454554925731,22.678169930815002,69.58238323555624,9.369772378611646,52.381827810467264
Flowering,Brinjal,44.72468125206125,32.835447021594284,74.90659593700974,24.317219099945408,48.97183529618455
Growing,Chilli,18.191647861745597,33.445037277816795,50.39005770532208,18.448586587423886,40.85508530854468
Seedling,Chilli,13.164594579040878,28.745623414545385,62.642736517774935,2.387898348643774,43.92671711076975
Seedling,Chilli,16.67405450440816,25.695386122509003,67.70884827544424,30.76356165280884,37.680636408228764
Seedling,Chilli,29.84212313833911,26.541897937029752,58.83397278625753,36.84704869721164,44.48453306962156
Fruiting,Brinjal,70.13509819234346,27.311467973742705,76.83656680682274,14.011317576645254,57.998552559473154
Growing,Chilli,17.090481172322573,28.124513219913005,69.00434659478442,2.022237748810566,42.57887685433202
Growing,Brinjal,59.142119938695366,27.885352734540287,55.1503785754491,83.4930236799299,42.72307326519369
Growing,Chilli,10.298798730056351,28.647747132713803,58.22165662061618,82.28689259044491,45.541780025157934
Growing,Chilli,14.288957229227144,20.164937429877206,54.10656890206422,74.67676233364814,49.00018641848105
Flowering,Brinjal,38.028427323850934,29.97555011819383,55.26113835870349,59.74131021703083,54.144119459249595
Seedling,Brinjal,33.540473790556064,20.704489501625826,54.98850106268238,38.31385282494975,42.3803361642637
Seedling,Chilli,16.040709935659443,25.839434210629648,58.660812103120996,54.28368985197494,38.556727164649494
Flowering,Chilli,30.488208813360373,27.140756032986495,69.91013496087945,26.740954406085752,54.36829739324758
Fruiting,Chilli,7.026903778983504,23.933960664497377,67.85233792100765,19.34463407316811,50.51425813484251
Flowering,Brinjal,23.383413994932845,31.56368305618733,53.19794759401316,59.68428489168892,45.75137781735809
Seedling,Chilli,35.978107839248125,26.522410079056193,57.3920609971732,44.59421845855786,43.19102317674199
Fruiting,Chilli,22.689433919947575,28.853460003036307,60.829216908200806,62.52268237689841,50.915820733266344
Seedling,Chilli,47.76068092193611,26.690086594369337,55.55398786515859,12.313676782706526,40.41900947378358
Flowering,Brinjal,49.360863132379734,29.88175050066076,70.76829693553557,73.22248864095612,53.49195651565319
Growing,Chilli,14.954424881882101,34.81502011994971,78.32178019059839,44.04824672788264,40.39426811368506
Fruiting,Brinjal,18.543150884550016,28.519178458289442,77.46464892764126,92.52483174156659,50.33945978585799
Flowering,Chilli,46.59782879194387,34.56587367748052,78.32799467340303,26.76141066352957,49.74214216657464
Fruiting,Brinjal,28.932535493244174,32.43373211226016,51.11022904146478,84.45493985350704,55.96269878482053
Fruiting,Chilli,10.001958105898595,30.444331638172095,60.196248913041984,10.851019719955094,57.24766771528761
Flowering,Brinjal,34.672021080643546,31.860847472584453,59.562575087962095,31.529033783061035,51.25891376437009
Seedling,Brinjal,17.812771111449855,20.36601172334807,76.1029662170279,61.58631881823046,35.21269410850387
Seedling,Chilli,47.25804643308033,31.981748536604982,79.93802331600013,47.60434206244908,38.5071181545171
Seedling,Brinjal,31.393159116714987,29.41258194827555,76.21031342559016,40.193091360924214,44.84083469199295
Growing,Brinjal,28.17463512523886,31.06373452383337,57.16331437304907,41.77667821673337,41.10474113131394
Fruiting,Brinjal,27.223109034199258,23.50411626574865,51.26279568909086,28.723899165408174,50.17873934733414
Flowering,Brinjal,26.137965593782493,30.194709240396048,56.547616635951925,42.77731337358623,54.49961183950225
Seedling,Chilli,23.791134910321777,33.18677461343247,78.3419606687423,8.046990208103356,39.674015112498694
Growing,Chilli,49.60258817616394,23.475075520751652,78.28195322405377,15.03305514828677,46.496466489923684
Flowering,Chilli,15.380141527299141,22.647920480082625,56.61458627210526,46.141965991485776,46.864382621442545
Fruiting,Chilli,8.759773976620764,34.536539452112166,76.51357654890276,31.51127332500571,59.277522831952126
Seedling,Brinjal,26.79331103964623,31.37357713556137,70.88061854161377,17.38952492194873,36.53895906339855
Flowering,Brinjal,17.309968815244268,28.054616343401204,67.7881980452511,22.444057183666068,50.80086207837811
Flowering,Brinjal,19.608002342378832,21.94272381924206,76.66244239606931,87.74608626303804,54.556514982297536
Growing,Brinjal,41.0383089351462,28.26286055913709,52.609602797342305,80.95160747248781,44.08453213070699
Growing,Chilli,37.553905115986325,27.43813602618156,52.43138647722944,23.377840538429357,42.20183201949811
Fruiting,Chilli,60.32844941316996,27.427197905209617,64.41759731979944,6.851777354127017,55.924077846595175
Flowering,Brinjal,42.29088839074849,28.485979459936864,58.010848105082644,34.780920790219305,53.78629986355158
Fruiting,Chilli,60.287812391125726,33.00941301439703,71.25088930145104,59.26066511925829,58.37013328363672
Seedling,Chilli,32.837512019683295,31.290749593364616,54.75815315879221,61.21266945842704,43.80870759198928
Seedling,Brinjal,50.419921281061946,21.93304801210168,60.053565627774255,2.9247283034559146,42.43508256291608
Growing,Chilli,42.446038008098384,27.612016006412542,50.19157615150501,73.6170321707156,42.87038133174913
Flowering,Brinjal,39.74974398591676,23.897053715962397,69.02017109298833,98.11861780274235,50.399853797158556
Fruiting,Chilli,54.46681366263182,28.118998680141654,78.88976011576983,9.628257494426256,53.41872166038686
Flowering,Brinjal,10.63803503948736,34.05842730854677,70.6365716690244,93.20281055100175,45.67837059105172
Fruiting,Chilli,9.37778909547016,28.7325569026441,60.3764917085887,63.73548797807534,56.20915517767477
Growing,Chilli,48.80700361298286,34.533167829285375,72.48955495228773,78.43831255371387,41.30086240130632
Fruiting,Chilli,6.4380308493848215,24.85415328724312,64.65929571213996,2.212822481292136,57.70407417807793
Flowering,Brinjal,20.049466645491623,34.95686750236567,62.78543906707919,44.590270637674834,49.51387024329676
Flowering,Chilli,36.21570016016699,23.311544191831405,52.47143136847528,71.53285938749364,51.80499302074713
Flowering,Brinjal,57.29749592377257,22.265868376713502,62.97004403127806,27.32595269982093,54.43615920167599
Seedling,Brinjal,26.867691887953686,24.11322803523005,79.51932943879484,63.85259476640856,39.09334006315043
Growing,Brinjal,16.720758721379582,20.46701124326767,69.55000476127655,22.995460589108617,43.68526343723761
Fruiting,Chilli,67.9325728144569,22.782882735546817,76.05869503866832,42.588891602240146,57.765968527917416
Flowering,Chilli,39.24607959243495,29.39330482447123,53.93734633047163,76.03049053051988,45.32526179491252
Growing,Brinjal,48.8095510036897,27.22283527268825,53.51924566887183,61.665031452073805,41.25185792202551
Fruiting,Brinjal,20.039354502525256,27.373918201121555,51.92626811225402,43.030589489946266,55.81971401914399
Growing,Chilli,18.966288151560818,26.828302236227017,50.34861619724302,71.78031905734693,40.72446887794559
Growing,Brinjal,38.00113014656171,24.37493868063955,70.84945658379627,47.99388347171235,48.60122397189205
Seedling,Brinjal,31.427882099180593,21.573952676272622,57.26135047587582,3.9618825348357145,44.86662593267147
Flowering,Brinjal,38.99856538749655,30.53697455816156,66.78946050460742,49.888815345135605,45.09770847419183
Seedling,Brinjal,9.832657452965835,25.25940396813771,50.996093263740995,51.771164338471145,35.78578497155021
Flowering,Brinjal,36.2147466543857,30.341974537058988,74.0176009732725,13.271575404306034,47.0015024424481
Fruiting,Chilli,46.367966220336385,30.597135897303517,50.94758434476926,9.411105630096023,59.3621224624369
Flowering,Chilli,36.90772337529124,33.06453685619128,71.42260796397284,48.71667017709634,53.01728083069792
Flowering,Brinjal,9.406316551157133,33.42224984090792,66.42777128461209,81.48251137465122,53.17297769962494
Flowering,Brinjal,33.95214635148623,30.973842826329978,52.44889946091769,64.35776951965249,45.60352083990564
Fruiting,Chilli,61.66593182849311,23.288209810370667,79.27595767457393,14.35902121018695,53.36895791771107
Seedling,Brinjal,41.22892765254819,27.472935746797084,66.66090652812893,78.96985071424791,42.19201778272264
Seedling,Brinjal,58.613623918073074,29.754885295204055,55.98627352787435,99.63339160567419,41.802282424312914
Growing,Chilli,16.595729983004617,26.939344351089744,76.04817516225141,2.758725198522546,47.27169069766308
Fruiting,Chilli,27.48577451555259,25.56558144476904,79.62948691208173,38.29440010032678,50.40109191412483
Flowering,Chilli,24.73769386353157,30.878864906227047,64.60006824274109,52.080786771515406,53.73423238081661
Fruiting,Brinjal,25.76208479262887,28.885254928900434,77.37090036850073,42.17209268734554,52.106621890056665
Growing,Chilli,37.99008600868764,21.9735152769089,71.47474894046266,56.84041980832685,49.09032520665641
Growing,Chilli,48.71277923187378,22.714654290642347,75.63155280108737,21.378899243148986,44.922778564480346
Growing,Brinjal,29.491789025146602,27.72226030894535,60.77700108199297,87.07499012725114,45.92950851434927
Seedling,Brinjal,58.31767772844081,23.872001490516915,69.70209993623877,39.10815366517607,38.25190064224695
Fruiting,Brinjal,77.73657838089085,26.80684312075459,57.081513900393915,13.087366071834982,50.734967473300124
Fruiting,Brinjal,30.27523823234647,32.43325048823914,62.92662570985418,51.977394855601766,52.487142725876296
Fruiting,Chilli,15.857724013561741,22.514288244324764,51.10014280800629,63.609949519690126,57.3640201506564
Fruiting,Chilli,59.87107918299781,32.0850522942508,67.56063093190257,42.71677881748325,58.68271280513259
Flowering,Brinjal,19.83622863343443,20.856302841339723,65.93508584003096,11.191961939772789,54.36605692294961
Seedling,Chilli,25.348956272754588,34.008125262918576,59.48468314930251,10.989892260902412,40.07234808688392
Fruiting,Brinjal,78.99725922191352,34.47678044654069,50.148199428032285,14.834320096208886,59.518117854232386
Seedling,Brinjal,30.01069205986225,27.733940428688754,64.6653974077076,86.79182945200222,41.66864257546104
Flowering,Brinjal,21.9361467875155,30.5702114410497,56.05560356368845,2.9973589872677953,51.73432433324918
Seedling,Brinjal,41.993116502381945,26.656253289568568,76.04426763132517,9.39007157894184,36.77149789447386
Seedling,Brinjal,56.95378207107128,30.24872042434469,64.91524292025282,83.81152896481102,41.17847240201214
Flowering,Brinjal,6.671288283326027,33.964230432604666,70.68580253094683,57.060974663882966,51.76513385777247
Flowering,Chilli,22.72389825443713,29.768494655622384,53.19779090923972,59.29969232093915,51.57845304603036
Fruiting,Brinjal,78.2880638165988,26.10361941084306,76.12260351011777,4.821203886055603,57.82385484058273
Flowering,Chilli,44.533200258560655,26.062104824765495,59.81099484689716,66.46042883261939,51.67593385563585
Growing,Brinjal,48.8797506872249,26.533749722193996,74.53502648525065,76.22851347766158,41.202090553706086
Flowering,Brinjal,22.852220644514865,25.49692302307097,61.88518074827766,0.575866049812157,51.954672066898624
Seedling,Brinjal,18.06492719808801,25.5987768744401,56.81808881789455,44.86936226225306,35.731959237684435
Fruiting,Chilli,45.26687249062494,26.952410657008585,61.3935734053769,60.13915186995146,58.633336495718254
Growing,Brinjal,6.410313619353962,25.118717414392346,61.40586856357571,47.9181877629731,43.98822780896901
Flowering,Chilli,32.35572917570501,31.473248923131926,74.3895721614828,48.02422920541906,52.181230762264946
Flowering,Chilli,13.810009355759574,20.11344312467213,69.4242414246381,1.6409324408725467,53.98030548949987
Fruiting,Chilli,8.917380368821455,34.01654040208271,60.548680617189035,83.4331090316676,51.01420828449216
Fruiting,Chilli,23.516738627524983,24.609349473894298,74.0907769349799,23.109891094845715,55.391612766752544
Growing,Brinjal,44.388287082275646,24.089360011003006,62.40647304576055,61.03337833109184,41.21886093336948
Flowering,Chilli,13.164725646303213,27.877450755005903,71.27138785167298,61.300606856848454,46.06876923094744
Seedling,Brinjal,57.96097813806689,27.25318470079887,74.17977649325474,25.656278370136377,40.50226542156262
Seedling,Brinjal,57.327183821366134,29.024177302194968,74.57566578280371,63.31513755940223,43.84206463348408
Growing,Chilli,32.49414449829463,26.16542704710057,75.19583908600161,19.0840355917404,49.00023123398011
Seedling,Brinjal,47.9289033384124,24.122090533222043,74.67842955541035,23.687055897448207,39.23738253648763
Seedling,Brinjal,39.312262857211515,26.776515181058436,67.59825389526422,9.553531383466819,36.680142077448636
Fruiting,Chilli,19.08808700590042,21.435718332802427,50.709157581390095,77.65173697889057,56.41971500443266
Flowering,Brinjal,17.75709028637865,25.86358993858272,67.8342900555852,54.669741271407005,49.96766858859169
Fruiting,Brinjal,57.135841553569534,26.06478152156438,62.84598844776844,13.643975255673313,57.175977656581765
Flowering,Chilli,10.777743025435635,21.561644740762496,71.73016451386223,89.21303943319695,50.783869170064094
Seedling,Chilli,8.854621231839374,33.41286311996177,55.756019741562284,7.1477432090087945,38.233715621155206
Growing,Chilli,8.124072923574202,27.785896863624053,52.02837690776645,31.949667524874357,48.003565078223616
Fruiting,Chilli,62.20514069149478,29.76316053570791,65.98873359654006,48.601072314405954,53.243337531153756
Growing,Chilli,49.73627125495254,29.92758784774068,66.73350252110075,60.25382596783711,47.306505102392464
Fruiting,Brinjal,47.17226119084324,34.3643792675807,55.25908827072979,6.0142342600785215,56.90004890820666
Flowering,Chilli,9.350440234102383,26.755564043872777,72.68489986685738,48.22449160257732,48.47571524238982
Fruiting,Brinjal,74.53833646095894,23.519631227831802,61.97947747427924,79.54499607897291,51.52416013330417
Fruiting,Chilli,40.097213468236376,32.63049941564632,65.62873931816127,83.43008711318657,56.2358568800276
Fruiting,Brinjal,14.578511272642611,32.391014453787925,73.46084263011159,75.52704204968079,57.087446977429764
Fruiting,Brinjal,24.733442743313216,25.402046112072785,52.62928240291516,30.31283559453286,59.36957823031063
Seedling,Chilli,22.864168268342755,26.708038107572534,68.01783000081852,27.49718795922212,40.15679427696498
Growing,Chilli,49.64711066704907,32.77137436617644,56.255315430720074,44.726713461524724,49.30595214643916
Growing,Brinjal,25.934281141211905,33.169614806676044,76.04170070322351,81.74497084911916,48.059254001176214
Flowering,Brinjal,9.450560567818869,26.04470268147742,55.20573544959526,30.46791390980408,51.949510889024616
Growing,Brinjal,40.25346425399326,32.33720845451541,53.97574018225545,97.56102008599149,48.620144822726225
Flowering,Brinjal,38.34391157630376,31.472147013544934,55.245158817812374,48.70619188189359,50.025660764634424
Growing,Chilli,21.539049003118915,21.022584640782405,50.77435720848461,13.17365929460242,41.35166289154823
Seedling,Brinjal,58.1202188634271,26.487468174951978,59.35448399255779,54.952953589501696,40.06141862840244
Seedling,Brinjal,40.24544730796134,23.240572737643994,68.58763864693489,10.566468426174392,41.50201092398153
Flowering,Chilli,40.13427137307979,26.8970063565398,51.74491386516427,5.521466439960134,54.948663171697675
Flowering,Chilli,49.265551636853615,23.587701563238884,54.267481060615886,62.553170597269784,46.21384939422429
Growing,Brinjal,43.068873793177254,20.93437697195094,65.2826638444937,10.10458110106467,49.96696853852977
Seedling,Chilli,18.781412935397526,29.358437544374578,65.81124391734954,55.36974944079098,39.260833838903714
Seedling,Chilli,25.24030919695951,22.919337677311475,61.03278052631869,79.79437937164201,39.14129752528927
Flowering,Brinjal,47.31176915027369,20.165468966429707,62.48461994539284,73.3614380561402,49.81344151635324
Growing,Brinjal,46.81594027171742,22.056645585934987,66.05930394357775,25.98132087450342,42.15201872017238
Growing,Chilli,48.91431897095242,32.02305667824484,78.787299329631,21.708131183958734,44.878540439263624
Seedling,Chilli,25.44698005519824,32.66535624109424,52.942477423527336,49.31635400763236,39.88241137021778
Growing,Brinjal,45.55463925632898,27.1402719405315,61.27664855437308,32.467592689006,43.944762785700355
Growing,Brinjal,54.06465789171289,34.330020297558924,73.60710158765886,78.50165438370568,43.15406895748013
Growing,Chilli,16.460177992072303,32.61307369138884,51.15279046886975,39.384281164985275,49.01761992135424
Fruiting,Chilli,47.858004943375875,33.426766110598045,69.10009046501622,57.348132912745236,56.13933584760062
Flowering,Brinjal,13.259295044937291,31.061506530822285,65.36665762438024,51.84080219452041,51.80227779208353
Fruiting,Chilli,51.56102022407435,21.0812650399801,52.13770183295776,7.63128144412229,50.12108475234888
Fruiting,Chilli,27.96134155263417,24.44803371931483,60.49109689237549,66.37575235131062,57.74653531181182
Flowering,Chilli,12.834920090033796,21.47593474570096,69.80908159104014,16.667601108072112,52.64372662221736
Growing,Brinjal,9.519441711203504,34.51790052267546,58.86334332432261,2.094496103091281,47.69223147838134
Seedling,Chilli,14.25592679879998,21.820796272391096,68.450389041166,34.37456756876063,42.74633780637788
Seedling,Chilli,6.887805054423632,34.52733166391576,73.96142574963724,47.727191992424245,37.928220367009644
Growing,Brinjal,37.033246201398555,31.22109769144298,74.35309364270412,60.18815896363221,46.56478607331503
Growing,Chilli,46.76376381467224,23.36923417765778,61.1650107151254,30.444075539504855,44.32076882944196
Growing,Brinjal,56.86917107595892,23.610390677487572,53.64504128902754,61.29395824945255,41.97470489859937
Seedling,Brinjal,20.724873408153805,32.23920408452926,75.84109989090308,64.5810812655206,43.46514338690278
Flowering,Chilli,38.97688679358252,26.9080924591121,75.25995658670185,22.701691815602544,52.284906771616136
Flowering,Chilli,12.984294626136808,28.175403783454072,79.54009218573525,59.054565391296435,54.37388066497119
Seedling,Chilli,10.927794805455285,30.889698649779433,74.53355989570835,14.833333415649342,37.13511366310672
Flowering,Chilli,37.976069514481274,28.133558082377725,67.71043071376319,75.663272521008,50.0836054691628
Growing,Chilli,35.99983859225408,33.09984373791212,69.08874061937745,50.85197935731145,47.61121537043158
Fruiting,Chilli,5.606555288761064,23.700182967824347,71.79385145339015,41.54017269778109,59.91809951349364
Flowering,Brinjal,49.00390327845377,23.06053451943348,66.65254847906859,40.14943158612883,52.33071296029675
Flowering,Chilli,20.992305590858273,31.756876767280957,66.6267954239605,16.922226115387453,45.05229613542913
Growing,Brinjal,46.01535805021777,23.037208402478562,78.74220440358141,3.531135494023907,43.67940751302085
Fruiting,Chilli,24.86427400686397,33.14976142742301,79.89003012881741,13.399924529920021,53.683095305068484
Fruiting,Chilli,62.60272573022984,28.895665012801764,61.74577094533488,64.98638443824633,54.12621840848624
Flowering,Brinjal,39.07741356029124,25.33239515662036,73.82591993831252,0.32182636042786816,45.929906398231324
Flowering,Chilli,33.90464866573524,20.972803917244526,67.39951362284394,43.28756008975114,50.61484587959524
Fruiting,Brinjal,55.73509529197717,32.074834995211546,58.094621603846434,60.34876665964548,58.25049410180062
Flowering,Chilli,7.634791815979064,25.013574780440912,73.54690931334403,6.935245122089805,52.07680934740916
Fruiting,Chilli,33.61293486710689,22.21178790059426,59.84578260827935,46.55421507974484,54.34019366173875
Flowering,Brinjal,37.902391173505634,31.03494671358785,79.95042534178849,22.061195271121125,54.33113331343558
Seedling,Chilli,33.62798141187047,31.78477427120348,53.55008572770162,37.91232479646648,39.099048896962884
Fruiting,Brinjal,47.89042034203899,28.816540412932973,55.53428759400918,38.3832951933044,53.62235441652288
Flowering,Brinjal,6.330547014024539,32.4754556551366,58.19212429918437,2.6196708532064794,50.180787662388155
Flowering,Chilli,16.668354148959818,26.444852191084024,76.18190751453805,84.66113206038065,53.41933566791809
Fruiting,Chilli,34.78214763796302,27.244533081280327,54.004399172478315,72.23789788161393,50.806015137571244
Flowering,Chilli,24.65828161768308,30.94262342978595,72.96538696973329,44.68150371197698,46.58908167669354
Fruiting,Brinjal,61.353131452178424,29.854327344007093,78.69843863250374,13.535408227768553,50.689580163564216
Growing,Brinjal,19.393812605474828,23.704681986079997,77.1876374156311,28.218707469320016,42.49546199849506
Fruiting,Brinjal,38.7304881837905,31.650658354327717,51.96098472693156,75.93982624179637,54.87571193673384
Flowering,Brinjal,54.8540599339426,22.088680566763927,65.97262046825651,6.265320345535452,49.11095602600707
Growing,Chilli,5.982052854897027,29.956845292633837,78.9018330264065,80.98500111185452,45.60168183461842
Seedling,Chilli,23.845699358337264,23.902366864430768,71.9246289494219,4.703209135742139,44.81297090497247
Seedling,Brinjal,15.895369801785707,28.47995381857415,63.91797460065008,65.41746014740745,44.72005329631537
Fruiting,Brinjal,13.557183866595002,22.268702431024018,56.75950789853705,34.950637208681876,52.50966661340298
Growing,Chilli,28.55259101184649,21.721533078038263,75.80419080048304,50.510050945427245,47.22814303208484
Flowering,Chilli,29.459219780419073,21.225880186201675,63.74901924585969,63.70515875067918,49.84696287130047
Seedling,Chilli,43.248891716629785,30.035335059936624,63.86886683001822,85.11283323002542,39.117655415845086
Flowering,Chilli,7.802289764684852,27.687539731554978,74.19210851698519,49.088868246621495,49.59239877596958
Flowering,Brinjal,16.07500801747859,23.879312523320582,54.941190602968874,78.6278199384033,48.30215064871498
Fruiting,Brinjal,20.366095561303442,33.167451172280614,76.38745564854588,51.93858595039374,58.70578425046007
Seedling,Chilli,49.32453452633938,31.580187144649855,50.81502263676679,40.61154097628893,35.65204591260492
Flowering,Brinjal,34.62859888739928,27.467187620514352,53.16421099869892,90.92202058615601,51.56780104724294
Flowering,Chilli,39.902533291639735,34.467149808512175,56.112993773830674,34.23780067568061,50.23329631194741
Fruiting,Brinjal,48.31950244108681,29.518736263254556,73.93742478847682,79.28544190338394,53.95970472662455
Growing,Brinjal,13.68751525594414,30.438486772532038,73.79784051314763,53.302886724614,43.16761677067527
Seedling,Chilli,17.460701932001403,34.75282209072833,54.22134584146275,81.55289292891898,37.0201566840249
Fruiting,Brinjal,54.07194142437214,22.281564248334092,63.20970255105047,89.39897100078704,56.15298025069802
Flowering,Brinjal,49.198194449284436,27.57810160364957,79.01379845777511,88.24163684073388,49.177609792751
Seedling,Chilli,33.560207296427365,22.489323429436773,76.45783274913933,60.112799892326436,39.27489687920615
Fruiting,Chilli,41.38411943649487,27.910994331840143,71.58060867107476,1.1346767978183137,58.90258053017802
Growing,Brinjal,15.307656925367022,32.87265579735746,74.57190541584968,73.14964903403623,45.40793754985545
Fruiting,Chilli,35.62591343063295,32.324553465657075,63.777955915196415,28.291510186537355,53.577982653254416
Growing,Brinjal,23.436442605398,22.60642389703616,71.36042060992342,82.82492524372184,48.25978212708082
Seedling,Brinjal,12.808459436854665,25.2191211737325,63.51052936716238,23.98741127559447,42.48826336963307
Flowering,Chilli,20.856872597434446,32.621713296271395,64.13861502194493,55.8835710730588,54.79104938015155
Seedling,Chilli,35.42799029339453,24.876560231475484,70.58981590058292,11.363826740805246,35.696411481624054
Growing,Chilli,15.22308006605817,32.5556168786441,58.37828265363231,77.01635330152077,46.42881910058708
Growing,Brinjal,21.79208721832022,23.189665645566443,50.995680636872784,51.265475314505295,43.03946401240724
Fruiting,Brinjal,70.3403361697289,31.49097164802954,73.65342029759896,93.83048184484826,56.64984903475995
Flowering,Brinjal,41.89027715482087,28.406609464706598,53.32968407640443,90.71950307058299,49.47055543806425
Growing,Brinjal,35.065652110328365,25.706008234556144,79.30400985531978,86.45636095226699,41.10720593326316
Seedling,Brinjal,45.694726642181166,33.771148282987255,58.401119886514685,4.202467517140529,43.58341676799121
Growing,Chilli,38.92828566185528,32.073601652621576,50.540196668013635,81.96931454795237,49.62810357074026
Seedling,Chilli,42.32275991864811,24.22281797622395,76.18261518698384,27.427598584751998,36.12580390411937
Seedling,Brinjal,10.309395860749245,23.628407423882585,50.372121088319446,54.069847664491036,39.68767965464506
Growing,Chilli,18.375701346887773,24.49878667260477,72.2957959619481,53.852173586798294,40.481428359783536
Fruiting,Brinjal,55.08535124198049,28.898323551610765,76.76907494418957,85.22638743911814,51.853301795287145
Fruiting,Chilli,56.64758811551237,20.52005400089725,67.48420505250469,21.55591529185843,59.9543751619131
Seedling,Brinjal,8.50025001076533,32.470602715785645,67.96935524531631,52.14456890435895,36.149329970595666
Seedling,Chilli,35.11401183221353,32.439301989751335,76.36936700846802,81.86641374929332,40.71772352048322
Flowering,Chilli,19.26259645060037,26.518939412880677,73.2163896719047,38.73846692888912,51.01923431015132
Fruiting,Brinjal,50.53171840390655,29.46961329637983,67.75091486918977,44.33800143791877,57.02633773085516
Flowering,Brinjal,10.732364154459122,25.76766991467219,64.63001205863793,51.23637775457907,51.52224259545473
Fruiting,Brinjal,60.76954371324199,27.593990892428042,69.02312094128993,60.06510665483559,50.70932216133774
Growing,Chilli,26.262200975293112,20.684731182535756,54.20072292659953,32.56677838846248,42.76814307791306
Seedling,Chilli,26.691847615043713,22.941465691075894,68.32340213227305,29.821230639274567,37.80683215515974
Seedling,Brinjal,5.302818953823145,20.11496048973838,56.57206427305573,51.65726284459791,35.36721362500821
Seedling,Brinjal,49.14221237688971,28.58072965053951,65.3800317786925,33.88606493387516,37.934888232081214
Seedling,Brinjal,9.790102173767432,29.25599774176702,53.41515180429804,39.70150412371917,38.45223142801692
Flowering,Chilli,27.20959611530534,30.533881490474965,79.7845051699721,78.68002722166582,46.314891198979815
Seedling,Brinjal,28.200549819635725,26.165316128983186,77.22833007669665,39.45760755976464,42.14032644466857
Seedling,Brinjal,50.308471132171206,34.32590767227484,74.6359484765068,30.93727178627821,35.01565105191473
Growing,Chilli,16.592324915017485,20.892870505216575,68.11386358848164,4.602184329789065,46.86589913492607
Fruiting,Brinjal,39.21773817166565,25.535795326413748,53.630750014555794,38.38388830449795,54.18947790187475
Seedling,Brinjal,9.40990077450469,25.321569377539763,78.25177134856776,7.100766453325546,41.68572646722914
Growing,Chilli,31.71473560438423,20.151967760416152,69.08288139228627,32.572799175407845,49.13286947576237
Flowering,Chilli,37.57878749597422,21.808376246055353,77.07359921857525,78.63287341197105,45.66443844355775
Growing,Brinjal,5.643863590199723,26.330513901914586,58.851221229624684,14.213712379345766,44.86000493797603
Flowering,Chilli,10.535148280568553,28.37963594675638,60.29502059517975,3.936516507805262,52.291734875494484
Growing,Chilli,36.16217720011514,26.448966160852223,70.18899867183298,76.10439266909161,42.753811742554184
Growing,Chilli,25.0888782380712,31.975705107775287,74.67267121004835,71.0086643928714,48.57562337661284
Seedling,Chilli,19.349006824451248,28.73298119891171,61.13517270312883,38.78866984619666,41.01074166800233
Fruiting,Brinjal,33.0914665265091,22.50290302548129,62.915880153866226,68.84050184921368,51.42594144081909
Seedling,Brinjal,13.495286097282808,20.381716398586263,69.37467158859452,34.58774607378574,41.369023174547436
